/*
passwords are as follows, encrypted using sha224
name	username	password (case sensitive)	

Phil 	PugLove8 	dragon
Mehmet	OzDaddy		ILoveFakeMedicine
Jekyll	Doctor		Dpassword
Joy		Joy1		Baseball
Marge	Houliha1	rosy1168
Jackie	Nurse		Npassword
Abraham	Jericho		qwerty
Howard	Serious		letmein
Paul	Admin		Apassword
*/

INSERT INTO staff  VALUES
('14334', 'D', 'Phil McGraw', 'PugLove8', 'e52ea8a5297a7350df2d19689babfaefa7e2e53890f83434d633cd54'),
('14479', 'D', 'Mehmet Oz', 'OzDaddy', '5d88feb8061b72241d46c093a5b30a0574f917fba44a6702f1671b6b'),
('14589', 'D', 'Henry Jekyll', 'Doctor', '2e81233d2741064532015b6c200bb5dba058a14b4ae4e3fc4c48a36b'),
('37225', 'N', 'Nurse Joy', 'Joy1', '1962ed21f0f3187b67eb3cac6f2a2a26dffdc907a654bacb23c26422'),
('37698', 'N', 'Marge Houlihan', 'Houliha1', '5bbfd7df86949584aa35646fb912db35f80c924266d3fda25a3c825c'),
('37195', 'N', 'Jackie Chan', 'Nurse', '99faea5cc78ce96c261d4b6cccbb10ea28df7da217dfbafe772b08c8'),
('63185', 'A', 'Abraham Jeffers', 'Jericho', '5154aaa49392fb275ce7e12a7d3e00901cf9cf3ab10491673f97322f'),
('63691', 'A', 'Howard Stern', 'Serious', 'aad8b4393cadaef52ce00a7bbc6711298b7de27a3dc248d01fc38272'),
('63215', 'A', 'Paul Newman', 'Admin', '2589b66a2e8652e06bffd9a0bc7491edda66716b411e77379627cc3a');

INSERT INTO patients VALUES
('15384','Angelina Jolie','18-39','123-120 ST, Edmonton, Alberta','7801234567','7801234567'),
('42853','Demi Moore','18-39','439-105 ST, Calgary, Alberta','4034567896','4034567892'),
('94837','Kanye West','18-39','111-87 ST, Edmonton, Alberta','7805677891','7805677891'),
('83025','Bruce Willis','40-59','56-94 ST, Edmonton, Alberta','7806543555','7806547895'),
('30291','Charlie Day','40-59','44-34 ST, Calgary, Alberta','4030983113','4030983124'),
('67232','Tina Fey','40-59','120-13 ST, Toronto, Ontario','4164681739','6470981238'),
('58943','Betty White','60-99','103-102 ST, Toronto, Ontario','4164490009','4164490009'),
('20195','Donald Trump','60-99','23-56 ST, Toronto, Ontario','4162347894','4162347894'),
('79024','Stan Lee','60-99','21-33 ST, Edmonton, Alberta','7801489583','5879741230');

INSERT INTO charts VALUES
('10001', '15384', "2015-01-06 12:24:56", "2015-02-13 10:35:42"),
('10034', '15384', "2015-04-14 13:04:45", "2015-04-20 17:26:37"),
('10056', '15384', "2016-05-08 21:06:35", "2016-06-09 22:27:20"),

('10002', '42853', '2016-10-01 23:40:45', '2016-10-10 00:54:49'),

('10003', '94837', '2013-09-03 13:51:20', '2013-11-09 15:08:42'),
('10035', '94837', '2015-03-07 13:13:55', '2015-04-08 05:59:35'),

('10004', '83025', "2012-10-01 14:14:56", "2012-10-05 13:43:47"),
('10036', '83025', "2016-11-05 06:19:00", "2016-11-26 08:21:45"),

('10005', '30291', "2014-06-12 18:59:26", "2014-07-24 02:24:55"),

('10006', '67232', "2016-10-01 02:24:55", "2016-10-05 05:15:39"),

('10007', '58943', "2016-02-23 06:37:08", "2016-03-08 02:39:38"),
('10037', '58943', "2016-09-26 20:13:11", "2016-10-05 18:38:08"),

('10008', '20195', "2014-07-12 05:45:16", "2014-07-24 03:03:24"),

('10009', '79024', "2013-06-14 18:31:38", "2013-06-25 13:01:01"),
('10038', '79024', "2016-01-12 21:39:09", "2016-02-21 08:42:41");

INSERT INTO symptoms VALUES
("15384", '10001', '37195', "2015-01-08 18:22:55", "Nausea"),
("15384", '10001', '37698', "2015-01-09 21:28:46", "Bleeding Eyes"),
("15384", '10034', '37225', "2015-04-15 15:24:33", "Fever"),
("15384", '10034', '37195', "2015-04-16 00:05:34", "Lymph Swelling"),
("15384", '10056', '14479', "2016-05-08 21:38:56", "Blood in Urine"),
("15384", '10056', '14589', "2016-05-13 04:32:39", "Tumor"),

('42853', '10002', '37225', "2016-10-01 05:33:35", "Nausea"),
('42853', '10002', '14334', "2016-10-12 18:28:21", "Bleeding Eyes"),

('94837', '10003', '37698', "2013-09-05 09:28:27", "Cramps"),
('94837', '10003', '14479', "2013-09-07 03:45:53", "Vomiting"),
('94837', '10035', '14589', "2015-03-07 07:53:46", "Cramps"),
('94837', '10035', '14589', "2015-03-08 11:35:18", "Vomiting"),

('83025', '10004', '37195', "2012-10-01 01:55:35", "Tumor"),
('83025', '10036', '14334', "2016-11-03 03:57:55", "Nausea"),
('83025', '10036', '37225', "2016-11-04 05:04:09", "Raised rash"),
('83025', '10036', '14589', "2016-11-04 12:27:17", "Bleeding Eyes"),

('30291', '10005', '37698', "2014-06-13 00:23:21", "Fever"),
('30291', '10005', '14479', "2014-06-13 23:28:45", "Cough"),
('30291', '10005', '37698', "2014-06-13 23:11:44", "Body Aches"),

('67232', '10006', '37698', "2016-10-02 13:45:43", "Cough"),
('67232', '10006', '14479', "2016-10-03 06:01:06", "Body Aches"),

('58943', '10007', '37195', "2016-03-01 10:24:27", "Cramps"),
('58943', '10007', '14589', "2016-03-02 10:16:57", "Vomiting"),
('58943', '10037', '37225', "2016-09-27 05:55:14", "Nausea"),
('58943', '10037', '14334', "2016-09-29 10:26:41", "Bleeding Eyes"),

('20195', '10008', '37195', "2014-07-14 11:15:41", "Fever"),
('20195', '10008', '37195', "2014-07-16 15:32:28", "Lymph Swelling"),

('79024', '10009', '37195', "2013-06-19 04:23:43", "Nausea"),
('79024', '10009', '37225', "2013-06-19 16:59:04", "Raised Rash"),
('79024', '10009', '37698', "2013-06-21 04:10:14", "Bruising"),
('79024', '10009', '14334', "2013-06-23 06:55:06", "Bleeding Eyes"),
('79024', '10009', '14334', "2013-06-25 18:14:05", "Bleeding Ears"),
('79024', '10038', '37698', "2016-01-15 19:14:58", "Tumor");

INSERT INTO diagnoses VALUES
("15384", '10001', '14334', "2015-01-11 14:06:01", "Ebola"),
("15384", '10034', '14479', "2015-04-17 01:10:08", "AIDS"),
("15384", '10056', '14479', "2016-05-18 03:53:54", "Cancer"),

('42853', '10002', '14334', "2016-10-15 12:20:15", "Ebola"),

('94837', '10003', '14479', "2013-09-09 17:17:30", "Cholera"),
('94837', '10035', '14589', "2015-03-09 10:37:39", "Cholera"),

('83025', '10004', '14589', "2012-10-02 23:13:57", "Cancer"),
('83025', '10036', '14479', "2016-11-05 21:14:58", "Ebola"),

('30291', '10005', '14334', "2014-06-14 10:53:21", "Flu"),

('67232', '10006', '14479', "2016-10-04 15:05:57", "Flu"),

('58943', '10007', '14589', "2016-03-04 23:41:41", "Cholera"),
('58943', '10037', '14334', "2016-10-02 05:02:26", "Ebola"),

('20195', '10008', '14479', "2014-07-17 00:39:55", "AIDS"),

('79024', '10009', '14334', "2013-06-27 18:03:56", "Ebola"),
('79024', '10038', '14589', "2016-01-18 18:22:41", "Cancer");

INSERT INTO medications VALUES
("15384", '10001', '14334', "2015-01-12 02:20:09", "2015-01-12 19:50:32", "2015-02-21 02:51:33", "8", "ZMapp"),
("15384", '10034', '14479', "2015-04-18 06:35:43", "2015-04-20 10:04:18", "2015-05-20 07:53:43", "75", "Retrovir"),
("15384", '10056', '14479', "2016-05-19 05:47:13", "2016-05-20 07:44:21", "2016-07-10 18:26:06", "300", "Alkeran"),

('42853', '10002', '14334', "2016-10-16 11:04:39", "2016-10-17 09:23:29", "2017-01-15 10:42:22", "30", "TKM-Ebola"),

('94837', '10003', '14479', "2013-09-10 13:56:28", "2013-09-11 03:27:53", "2013-12-09 18:54:56", "15", "Doxycycline"),
('94837', '10035', '14589', "2015-03-10 17:22:49", "2015-03-14 07:32:48", "2015-05-15 10:03:34", "20", "Doxycycline"),

('83025', '10004', '14589', "2012-10-03 08:39:36", "2012-10-10 08:18:53", "2012-12-25 20:56:12", "600", "Alkeran"),
('83025', '10036', '14479', "2016-11-07 09:14:11", "2016-11-10 08:50:07", "2017-03-10 13:11:49", "13", "ZMapp"),

('30291', '10005', '14334', "2014-06-15 23:36:27", "2014-06-20 08:42:58", "2014-09-20 06:59:24", "50", "Tamiflu"),

('67232', '10006', '14479', "2016-10-06 12:46:55", "2016-10-07 05:20:06", "2017-01-10 02:46:44", "45", "Tamiflu"),

('58943', '10007', '14589', "2016-03-05 22:22:12", "2016-03-06 08:01:15", "2016-06-25 02:32:24", "35",  "Doxycycline"),
('58943', '10037', '14334', "2016-10-03 14:58:01", "2016-10-08 13:48:08", "2016-12-06 21:37:33", "50", "TKM-Ebola"),

('20195', '10008', '14479', "2014-07-18 04:25:14", "2014-07-19 06:22:09", "2014-10-20 18:26:21", "85", "Retrovir"),

('79024', '10009', '14334', "2013-06-28 09:20:31", "2013-07-03 09:52:43", "2013-09-28 05:08:55", "16", "ZMapp"),
('79024', '10038', '14589', "2016-01-19 13:23:16", "2016-01-20 13:29:15", "2016-04-15 10:19:17", "150", "Docetaxel");

INSERT INTO reportedallergies VALUES
("15384", "Tamiflu"),
("83025", "Retrovir"),
("83025", "Doxycycline"),
("20195", "Viread");

INSERT INTO drugs VALUES
("ZMapp", "anti-Ebola"),
("TKM-Ebola", "anti-Ebola"),

("Doxycycline", "anti-biotic"),

("Tamiflu", "anti-viral"),

("Alkeran", "biphosphonate"),
("Docetaxel", "biphosphonate"),

("Viread", "NNRTI"),
("Retrovir", "NNRTI");

INSERT INTO dosage VALUES
("ZMapp", "18-39", "8"),
("ZMapp", "40-59", "12"),
("ZMapp", "60-99", "16"),
("TKM-Ebola", "18-39", "30"),
("TKM-Ebola", "21-59", "45"),
("TKM-Ebola", "25-99", "50"),

("Doxycycline", "18-39", "15"),
("Doxycycline", "40-59", "20"),
("Doxycycline", "60-99", "35"),

("Tamiflu", "18-39", "45"),
("Tamiflu", "40-59", "55"),
("Tamiflu", "60-99", "45"),

("Alkeran", "18-39", "300"),
("Alkeran", "40-59", "600"),
("Alkeran", "60-99", "900"),
("Docetaxel", "18-39", "80"),
("Docetaxel", "40-59", "130"),
("Docetaxel", "60-99", "150"),

("Viread", "18-39", "65"),
("Viread", "40-59", "95"),
("Viread", "60-99", "110"),
("Retrovir", "18-39", "75"),
("Retrovir", "40-59", "85"),
("Retrovir", "60-99", "85");

INSERT INTO inferredallergies VALUES
("Viread", "Alkeran"),
("Alkeran", "Viread"),
("Tamiflu", "Docetaxel"),
("Docetaxel", "Tamiflu");