INSERT INTO staff  VALUES
('14334', 'D', 'Phil McGraw', 'PugLove8', 'These Need Hashing'),
('14479', 'D', 'Mehmet Oz', 'OzDaddy', 'ILoveFakeMedicine'),
('14589', 'D', 'Henry Jekyll', 'X_jake_X', 'superman'),
('37225', 'N', 'Nurse Joy', 'Joy1', 'Joy123'),
('37698', 'N', 'Marge Houlihan', 'Houliha1', 'dogname'),
('37195', 'N', 'Jackie Chan', 'Chan1', 'mustang'),
('63185', 'A', 'Abraham Jeffers', 'Jericho', 'qwerty'),
('63691', 'A', 'Howard Stern', 'Serious', 'letmein'),
('63215', 'A', 'Paul Newman', 'Admin', 'password123');

INSERT INTO patients VALUES
('15384','Angelina Jolie','18-39','123-120 ST, Edmonton, Alberta','7801234567','7801234567'),
('42853','Demi Moore','18-39','439-105 ST, Calgary, Alberta','4034567896','4034567892'),
('94837','Kanye West','18-39','111-87 ST, Edmonton, Alberta','7805677891','7805677891'),
('83025','Bruce Willis','40-59','56-94 ST, Edmonton, Alberta','7806543555','7806547895'),
('30291','Charlie Day','40-59','44-34 ST, Calgary, Alberta','4030983113','4030983124'),
('67232','Tina Fey','40-59','120-13 ST, Toronto, Ontario','4164681739','6470981238'),
('58943','Betty White','60-99','103-102 ST, Toronto, Ontario','4164490009','4164490009'),
('20195','Donald Trump','60-99','23-56 ST, Toronto, Ontario','4162347894','4162347894'),
('79024','Stan Lee','60-99','21-33 ST, Edmonton, Alberta','7801489583','5879741230');

INSERT INTO charts VALUES
('10001', '15384', "2015-01-06", "2015-02-13"),
('10034', '15384', "2015-04-14", "2015-04-20"),
('10056', '15384', "2016-05-08", "2016-06-09"),

('10002', '42853', '2016-10-01', '2016-10-10'),

('10003', '94837', '2013-09-03', '2013-11-09'),
('10035', '94837', '2015-03-07', '2015-04-08'),

('10004', '83025', "2012-10-01", "2012-10-05"),
('10036', '83025', "2016-11-05", "2016-11-26"),

('10005', '30291', "2014-06-12", "2014-07-24"),

('10006', '67232', "2016-10-01", "2016-10-05"),

('10007', '58943', "2016-02-23", "2016-03-08"),
('10037', '58943', "2016-09-26", "2016-10-05"),

('10008', '20195', "2014-07-12", "2014-07-24"),

('10009', '79024', "2013-06-14", "2013-06-25"),
('10038', '79024', "2016-01-12", "2016-02-21");

INSERT INTO symptoms VALUES
("15384", '10001', '37195', "2015-01-09", "Nausea"),
("15384", '10034', '37225', "2015-04-16", "Fever"),
("15384", '10056', '14479', "2016-05-08", "Tumor"),

('42853', '10002', '37225', "2016-10-01", "Nausea"),

('94837', '10003', '14479', "2013-09-05", "Cramps"),
('94837', '10035', '14589', "2015-03-07", "Cramps"),

('83025', '10004', '37195', "2012-10-01", "Tumor"),
('83025', '10036', '14479', "2016-11-05", "Nausea"),

('30291', '10005', '37698', "2014-06-13", "Cough"),

('67232', '10006', '14479', "2016-10-02", "Cough"),

('58943', '10007', '14589', "2016-03-01", "Cramps"),
('58943', '10037', '37225', "2016-09-27", "Nausea"),

('20195', '10008', '37195', "2014-07-14", "Fever"),

('79024', '10009', '14334', "2013-06-19", "Nausea"),
('79024', '10038', '37698', "2016-01-15", "Tumor");

INSERT INTO diagnoses VALUES
("15384", '10001', '14334', "2015-01-11", "Ebola"),
("15384", '10034', '14479', "2015-04-17", "AIDS"),
("15384", '10056', '14479', "2016-05-08", "Cancer"),

('42853', '10002', '14334', "2016-10-01", "Ebola"),

('94837', '10003', '14479', "2013-09-09", "Cholera"),
('94837', '10035', '14589', "2015-03-07", "Cholera"),

('83025', '10004', '14589', "2012-10-02", "Cancer"),
('83025', '10036', '14479', "2016-11-05", "Ebola"),

('30291', '10005', '14334', "2014-06-14", "Flu"),

('67232', '10006', '14479', "2016-10-02", "Flu"),

('58943', '10007', '14589', "2016-03-04", "Cholera"),
('58943', '10037', '14334', "2016-10-02", "Ebola"),

('20195', '10008', '14479', "2014-07-17", "AIDS"),

('79024', '10009', '14334', "2013-06-21", "Ebola"),
('79024', '10038', '14589', "2016-01-18", "Cancer");

INSERT INTO medications VALUES
("15384", '10001', '14334', "2015-01-11", "2015-01-11", "2015-02-21", "8", "ZMapp"),
("15384", '10034', '14479', "2015-04-17", "2015-04-20", "2015-05-20", "75", "Retrovir"),
("15384", '10056', '14479', "2016-05-08", "2016-05-08", "2016-07-10", "300", "Alkeran"),

('42853', '10002', '14334', "2016-10-01", "2016-10-01", "2017-01-15", "30", "TKM-Ebola"),

('94837', '10003', '14479', "2013-09-09", "2013-09-10", "2013-12-09", "15", "Doxycycline"),
('94837', '10035', '14589', "2015-03-07", "2015-03-10", "2015-05-15", "20", "Doxycycline"),

('83025', '10004', '14589', "2012-10-02", "2012-10-04", "2012-12-25", "600", "Alkeran"),
('83025', '10036', '14479', "2016-11-05", "2016-11-05", "2017-03-10", "13", "ZMapp"),

('30291', '10005', '14334', "2014-06-14", "2014-06-15", "2014-09-20", "50", "Tamiflu"),

('67232', '10006', '14479', "2016-10-02", "2016-10-05", "2017-01-10", "45", "Tamiflu"),

('58943', '10007', '14589', "2016-03-04", "2016-03-04", "2016-06-25", "35",  "Doxycycline"),
('58943', '10037', '14334', "2016-10-02", "2016-10-08", "2016-12-06", "50", "TKM-Ebola"),

('20195', '10008', '14479', "2014-07-17", "2014-07-17", "2014-10-20", "85", "Retrovir"),

('79024', '10009', '14334', "2013-06-21", "2013-06-25", "2013-09-28", "16", "ZMapp"),
('79024', '10038', '14589', "2016-01-18", "2016-01-19", "2016-04-15", "150", "Docetaxel");

INSERT INTO reportedallergies VALUES
("15384", "Tamiflu"),
("83025", "Retrovir"),
("83025", "Doxycycline"),
("20195", "Viread");

INSERT INTO drugs VALUES
("ZMapp", "anti-Ebola"),
("TKM-Ebola", "anti-Ebola"),

("Doxycycline", "anti-biotic"),

("Tamiflu", "anti-viral"),

("Alkeran", "biphosphonate"),
("Docetaxel", "biphosphonate"),

("Viread", "NNRTI"),
("Retrovir", "NNRTI");

INSERT INTO dosage VALUES
("ZMapp", "18-39", "8"),
("ZMapp", "40-59", "12"),
("ZMapp", "60-99", "16"),
("TKM-Ebola", "18-39", "30"),
("TKM-Ebola", "21-59", "45"),
("TKM-Ebola", "25-99", "50"),

("Doxycycline", "18-39", "15"),
("Doxycycline", "40-59", "20"),
("Doxycycline", "60-99", "35"),

("Tamiflu", "18-39", "45"),
("Tamiflu", "40-59", "55"),
("Tamiflu", "60-99", "45"),

("Alkeran", "18-39", "300"),
("Alkeran", "40-59", "600"),
("Alkeran", "60-99", "900"),
("Docetaxel", "18-39", "80"),
("Docetaxel", "40-59", "130"),
("Docetaxel", "60-99", "150"),

("Viread", "18-39", "65"),
("Viread", "40-59", "95"),
("Viread", "60-99", "110"),
("Retrovir", "18-39", "75"),
("Retrovir", "40-59", "85"),
("Retrovir", "60-99", "85");

INSERT INTO inferredallergies VALUES
("Viread", "Alkeran"),
("Alkeran", "Viread"),
("Tamiflu", "Docetaxel"),
("Docetaxel", "Tamiflu");
